timeStamp,elapsed,label,responseCode,responseMessage,threadName,dataType,success,failureMessage,bytes,sentBytes,grpThreads,allThreads,Latency,IdleTime,Connect
1531862054075,439,Preview,200,OK,QA Previewing Test 3-1,text,true,,4522,0,1,4,433,0,0
1531862054075,439,QAPublishFile,200,OK,QAPublishFile Endpoint Test 4-1,text,true,,772,0,1,4,433,0,0
1531862054531,58,QAPublishFile,200,OK,QAPublishFile Endpoint Test 4-1,text,true,,767,0,2,6,58,0,0
1531862054540,186,QAPublishFile,200,OK,QAPublishFile Endpoint Test 4-2,text,true,,764,0,2,6,186,0,0
1531862054727,66,QAPublishFile,200,OK,QAPublishFile Endpoint Test 4-2,text,true,,765,0,2,6,66,0,0
1531862054794,62,QAPublishFile,200,OK,QAPublishFile Endpoint Test 4-2,text,true,,755,0,2,6,61,0,0
1531862054590,267,QAPublishFile,200,OK,QAPublishFile Endpoint Test 4-1,text,true,,755,0,2,6,267,0,0
1531862054857,49,QAPublishFile,200,OK,QAPublishFile Endpoint Test 4-1,text,true,,765,0,2,6,49,0,0
1531862054856,52,QAPublishFile,200,OK,QAPublishFile Endpoint Test 4-2,text,true,,757,0,2,6,52,0,0
1531862054909,52,QAPublishFile,200,OK,QAPublishFile Endpoint Test 4-2,text,true,,759,0,2,6,51,0,0
1531862054907,59,QAPublishFile,200,OK,QAPublishFile Endpoint Test 4-1,text,true,,767,0,2,6,59,0,0
1531862054961,55,QAPublishFile,200,OK,QAPublishFile Endpoint Test 4-2,text,true,,765,0,2,6,55,0,0
1531862054967,49,QAPublishFile,200,OK,QAPublishFile Endpoint Test 4-1,text,true,,771,0,2,6,49,0,0
1531862055017,65,QAPublishFile,200,OK,QAPublishFile Endpoint Test 4-2,text,true,,757,0,2,6,65,0,0
1531862055083,49,QAPublishFile,200,OK,QAPublishFile Endpoint Test 4-2,text,true,,759,0,2,6,49,0,0
1531862055017,168,QAPublishFile,200,OK,QAPublishFile Endpoint Test 4-1,text,true,,765,0,2,6,168,0,0
1531862055133,54,QAPublishFile,200,OK,QAPublishFile Endpoint Test 4-2,text,true,,777,0,2,6,53,0,0
1531862055187,40,QAPublishFile,200,OK,QAPublishFile Endpoint Test 4-2,text,true,,763,0,2,6,40,0,0
1531862055185,49,QAPublishFile,200,OK,QAPublishFile Endpoint Test 4-1,text,true,,765,0,1,5,49,0,0
1531862054075,1182,QASandboxTransformRequest,200,OK,Sandbox Transform Test 1-1,text,true,,1197,0,1,5,1181,0,0
1531862055234,46,QAPublishFile,200,OK,QAPublishFile Endpoint Test 4-1,text,true,,765,0,1,5,45,0,0
1531862055280,50,QAPublishFile,200,OK,QAPublishFile Endpoint Test 4-1,text,true,,773,0,1,5,49,0,0
1531862055259,104,QASandboxPreview,200,OK,Sandbox Transform Test 1-1,text,true,,13869,0,1,4,99,0,0
1531862055538,72,QAPublishFile,200,OK,QAPublishFile Endpoint Test 4-3,text,true,,770,0,1,6,72,0,0
1531862055611,56,QAPublishFile,200,OK,QAPublishFile Endpoint Test 4-3,text,true,,759,0,1,6,55,0,0
1531862055668,66,QAPublishFile,200,OK,QAPublishFile Endpoint Test 4-3,text,true,,761,0,1,6,66,0,0
1531862055735,62,QAPublishFile,200,OK,QAPublishFile Endpoint Test 4-3,text,true,,761,0,1,6,61,0,0
1531862055366,443,QASandboxTransformRequest,200,OK,Sandbox Transform Test 1-1,text,true,,1204,0,1,6,443,0,0
1531862055798,69,QAPublishFile,200,OK,QAPublishFile Endpoint Test 4-3,text,true,,765,0,1,6,68,0,0
1531862055811,85,QASandboxPreview,200,OK,Sandbox Transform Test 1-1,text,true,,18426,0,1,6,79,0,0
1531862055868,64,QAPublishFile,200,OK,QAPublishFile Endpoint Test 4-3,text,true,,763,0,1,6,63,0,0
1531862055932,60,QAPublishFile,200,OK,QAPublishFile Endpoint Test 4-3,text,true,,759,0,1,6,60,0,0
1531862055993,64,QAPublishFile,200,OK,QAPublishFile Endpoint Test 4-3,text,true,,771,0,1,6,64,0,0
1531862056059,62,QAPublishFile,200,OK,QAPublishFile Endpoint Test 4-3,text,true,,769,0,1,6,61,0,0
1531862056122,55,QAPublishFile,200,OK,QAPublishFile Endpoint Test 4-3,text,true,,771,0,1,6,55,0,0
1531862055898,380,QASandboxTransformRequest,200,OK,Sandbox Transform Test 1-1,text,true,,1200,0,1,5,380,0,0
1531862056279,86,QASandboxPreview,200,OK,Sandbox Transform Test 1-1,text,true,,1782,0,1,5,86,0,0
1531862056541,122,QAPublishFile,200,OK,QAPublishFile Endpoint Test 4-4,text,true,,762,0,1,7,122,0,0
1531862056663,47,QAPublishFile,200,OK,QAPublishFile Endpoint Test 4-4,text,true,,763,0,1,7,47,0,0
1531862056710,48,QAPublishFile,200,OK,QAPublishFile Endpoint Test 4-4,text,true,,769,0,1,7,47,0,0
1531862056367,395,QASandboxTransformRequest,200,OK,Sandbox Transform Test 1-1,text,true,,1189,0,1,7,395,0,0
1531862056759,48,QAPublishFile,200,OK,QAPublishFile Endpoint Test 4-4,text,true,,761,0,1,7,48,0,0
1531862056808,63,QAPublishFile,200,OK,QAPublishFile Endpoint Test 4-4,text,true,,773,0,1,7,63,0,0
1531862056763,115,QASandboxPreview,200,OK,Sandbox Transform Test 1-1,text,true,,12182,0,1,7,81,0,0
1531862056872,63,QAPublishFile,200,OK,QAPublishFile Endpoint Test 4-4,text,true,,765,0,1,7,62,0,0
1531862056935,58,QAPublishFile,200,OK,QAPublishFile Endpoint Test 4-4,text,true,,767,0,1,7,58,0,0
1531862056994,70,QAPublishFile,200,OK,QAPublishFile Endpoint Test 4-4,text,true,,763,0,1,7,70,0,0
1531862057065,75,QAPublishFile,200,OK,QAPublishFile Endpoint Test 4-4,text,true,,773,0,1,7,74,0,0
1531862057140,83,QAPublishFile,200,OK,QAPublishFile Endpoint Test 4-4,text,true,,753,0,1,7,82,0,0
1531862056879,402,QASandboxTransformRequest,200,OK,Sandbox Transform Test 1-1,text,true,,1197,0,1,6,402,0,0
1531862057281,72,QASandboxPreview,200,OK,Sandbox Transform Test 1-1,text,true,,1790,0,1,6,72,0,0
1531862057540,166,QAPublishFile,200,OK,QAPublishFile Endpoint Test 4-5,text,true,,778,0,1,8,166,0,0
1531862057354,362,QASandboxTransformRequest,200,OK,Sandbox Transform Test 1-1,text,true,,1204,0,1,8,362,0,0
1531862057707,56,QAPublishFile,200,OK,QAPublishFile Endpoint Test 4-5,text,true,,759,0,1,8,56,0,0
1531862057717,57,QASandboxPreview,200,OK,Sandbox Transform Test 1-1,text,true,,1784,0,1,8,57,0,0
1531862057764,56,QAPublishFile,200,OK,QAPublishFile Endpoint Test 4-5,text,true,,769,0,1,8,56,0,0
1531862057821,55,QAPublishFile,200,OK,QAPublishFile Endpoint Test 4-5,text,true,,761,0,1,8,53,0,0
1531862057876,58,QAPublishFile,200,OK,QAPublishFile Endpoint Test 4-5,text,true,,765,0,1,8,58,0,0
1531862057935,63,QAPublishFile,200,OK,QAPublishFile Endpoint Test 4-5,text,true,,763,0,1,8,62,0,0
1531862054531,3494,Preview,200,OK,QA Previewing Test 3-1,text,true,,8335,0,1,8,3491,0,0
1531862057998,73,QAPublishFile,200,OK,QAPublishFile Endpoint Test 4-5,text,true,,761,0,1,8,72,0,0
1531862057775,356,QASandboxTransformRequest,200,OK,Sandbox Transform Test 1-1,text,true,,1198,0,1,8,355,0,0
1531862058071,61,QAPublishFile,200,OK,QAPublishFile Endpoint Test 4-5,text,true,,765,0,1,8,61,0,0
1531862058133,58,QAPublishFile,200,OK,QAPublishFile Endpoint Test 4-5,text,true,,759,0,1,8,58,0,0
1531862058132,79,QASandboxPreview,200,OK,Sandbox Transform Test 1-1,text,true,,21399,0,1,8,72,0,0
1531862058192,60,QAPublishFile,200,OK,QAPublishFile Endpoint Test 4-5,text,true,,757,0,1,8,60,0,0
1531862058212,375,QASandboxTransformRequest,200,OK,Sandbox Transform Test 1-1,text,true,,1192,0,1,9,375,0,0
1531862058540,71,QAPublishFile,200,OK,QAPublishFile Endpoint Test 4-6,text,true,,766,0,1,9,71,0,0
1531862058588,81,QASandboxPreview,200,OK,Sandbox Transform Test 1-1,text,true,,21368,0,1,9,75,0,0
1531862058612,59,QAPublishFile,200,OK,QAPublishFile Endpoint Test 4-6,text,true,,763,0,1,9,58,0,0
1531862058671,162,QAPublishFile,200,OK,QAPublishFile Endpoint Test 4-6,text,true,,761,0,1,9,162,0,0
1531862058833,182,QAPublishFile,200,OK,QAPublishFile Endpoint Test 4-6,text,true,,765,0,1,9,182,0,0
1531862059016,88,QAPublishFile,200,OK,QAPublishFile Endpoint Test 4-6,text,true,,763,0,1,9,87,0,0
1531862059104,68,QAPublishFile,200,OK,QAPublishFile Endpoint Test 4-6,text,true,,771,0,1,9,68,0,0
1531862059173,61,QAPublishFile,200,OK,QAPublishFile Endpoint Test 4-6,text,true,,763,0,1,9,61,0,0
1531862059234,53,QAPublishFile,200,OK,QAPublishFile Endpoint Test 4-6,text,true,,755,0,1,9,53,0,0
1531862059287,55,QAPublishFile,200,OK,QAPublishFile Endpoint Test 4-6,text,true,,767,0,1,9,53,0,0
1531862059342,66,QAPublishFile,200,OK,QAPublishFile Endpoint Test 4-6,text,true,,761,0,1,9,66,0,0
1531862058670,850,QASandboxTransformRequest,200,OK,Sandbox Transform Test 1-1,text,true,,1197,0,1,8,850,0,0
1531862059520,76,QASandboxPreview,200,OK,Sandbox Transform Test 1-1,text,true,,1780,0,1,10,76,0,0
1531862059539,74,QAPublishFile,200,OK,QAPublishFile Endpoint Test 4-7,text,true,,774,0,1,10,74,0,0
1531862059614,52,QAPublishFile,200,OK,QAPublishFile Endpoint Test 4-7,text,true,,759,0,1,10,52,0,0
1531862059667,58,QAPublishFile,200,OK,QAPublishFile Endpoint Test 4-7,text,true,,777,0,1,10,57,0,0
1531862059725,61,QAPublishFile,200,OK,QAPublishFile Endpoint Test 4-7,text,true,,757,0,1,10,61,0,0
1531862058029,1784,Preview,200,OK,QA Previewing Test 3-1,text,true,,3295,0,1,10,1784,0,0
1531862059787,80,QAPublishFile,200,OK,QAPublishFile Endpoint Test 4-7,text,true,,759,0,1,10,80,0,0
1531862059868,53,QAPublishFile,200,OK,QAPublishFile Endpoint Test 4-7,text,true,,753,0,1,10,53,0,0
1531862059922,80,QAPublishFile,200,OK,QAPublishFile Endpoint Test 4-7,text,true,,761,0,1,10,80,0,0
1531862060003,64,QAPublishFile,200,OK,QAPublishFile Endpoint Test 4-7,text,true,,763,0,1,10,64,0,0
1531862059813,321,Preview,200,OK,QA Previewing Test 3-1,text,true,,10971,0,1,10,317,0,0
1531862060067,225,QAPublishFile,200,OK,QAPublishFile Endpoint Test 4-7,text,true,,759,0,1,10,224,0,0
1531862060292,104,QAPublishFile,200,OK,QAPublishFile Endpoint Test 4-7,text,true,,765,0,1,10,104,0,0
1531862060548,252,QAPublishFile,200,OK,QAPublishFile Endpoint Test 4-8,text,true,,766,0,1,11,251,0,0
1531862059596,1210,QASandboxTransformRequest,200,OK,Sandbox Transform Test 1-1,text,true,,1203,0,1,11,1210,0,0
1531862060801,78,QAPublishFile,200,OK,QAPublishFile Endpoint Test 4-8,text,true,,763,0,1,11,77,0,0
1531862060806,100,QASandboxPreview,200,OK,Sandbox Transform Test 1-1,text,true,,12478,0,1,11,95,0,0
1531862060880,67,QAPublishFile,200,OK,QAPublishFile Endpoint Test 4-8,text,true,,763,0,1,11,66,0,0
1531862060135,868,Preview,200,OK,QA Previewing Test 3-1,text,true,,114261,0,1,11,854,0,0
1531862060948,128,QAPublishFile,200,OK,QAPublishFile Endpoint Test 4-8,text,true,,763,0,1,11,128,0,0
1531862061076,52,QAPublishFile,200,OK,QAPublishFile Endpoint Test 4-8,text,true,,767,0,1,11,52,0,0
1531862061129,57,QAPublishFile,200,OK,QAPublishFile Endpoint Test 4-8,text,true,,777,0,1,11,57,0,0
1531862061187,50,QAPublishFile,200,OK,QAPublishFile Endpoint Test 4-8,text,true,,753,0,1,11,49,0,0
1531862061238,58,QAPublishFile,200,OK,QAPublishFile Endpoint Test 4-8,text,true,,759,0,1,11,58,0,0
1531862061008,315,Preview,200,OK,QA Previewing Test 3-1,text,true,,7242,0,1,11,314,0,0
1531862061297,45,QAPublishFile,200,OK,QAPublishFile Endpoint Test 4-8,text,true,,761,0,1,11,45,0,0
1531862061342,58,QAPublishFile,200,OK,QAPublishFile Endpoint Test 4-8,text,true,,767,0,1,11,58,0,0
1531862061543,375,QAPublishFile,200,OK,QAPublishFile Endpoint Test 4-9,text,true,,772,0,1,12,373,0,0
1531862060907,1088,QASandboxTransformRequest,200,OK,Sandbox Transform Test 1-1,text,true,,1206,0,1,12,1088,0,0
1531862061996,92,QASandboxPreview,200,OK,Sandbox Transform Test 1-1,text,true,,10364,0,1,12,83,0,0
1531862061918,214,QAPublishFile,200,OK,QAPublishFile Endpoint Test 4-9,text,true,,761,0,1,12,105,0,0
1531862062133,78,QAPublishFile,200,OK,QAPublishFile Endpoint Test 4-9,text,true,,767,0,1,12,78,0,0
1531862062211,44,QAPublishFile,200,OK,QAPublishFile Endpoint Test 4-9,text,true,,763,0,1,12,43,0,0
1531862062256,48,QAPublishFile,200,OK,QAPublishFile Endpoint Test 4-9,text,true,,767,0,1,12,47,0,0
1531862062304,49,QAPublishFile,200,OK,QAPublishFile Endpoint Test 4-9,text,true,,779,0,1,12,48,0,0
1531862062353,76,QAPublishFile,200,OK,QAPublishFile Endpoint Test 4-9,text,true,,767,0,1,12,76,0,0
1531862062430,181,QAPublishFile,200,OK,QAPublishFile Endpoint Test 4-9,text,true,,767,0,2,14,181,0,0
1531862062612,194,QAPublishFile,200,OK,QAPublishFile Endpoint Test 4-9,text,true,,775,0,2,14,194,0,0
1531862062807,68,QAPublishFile,200,OK,QAPublishFile Endpoint Test 4-9,text,true,,761,0,2,14,67,0,0
1531862062538,375,QAPublishFile,200,OK,QAPublishFile Endpoint Test 4-10,text,true,,756,0,1,13,375,0,0
1531862062914,76,QAPublishFile,200,OK,QAPublishFile Endpoint Test 4-10,text,true,,765,0,1,13,51,0,0
1531862061325,1716,Preview,200,OK,QA Previewing Test 3-1,text,true,,8337,0,1,13,1711,0,0
1531862062990,52,QAPublishFile,200,OK,QAPublishFile Endpoint Test 4-10,text,true,,771,0,1,13,51,0,0
1531862063043,88,QAPublishFile,200,OK,QAPublishFile Endpoint Test 4-10,text,true,,765,0,1,13,78,0,0
1531862063132,89,QAPublishFile,200,OK,QAPublishFile Endpoint Test 4-10,text,true,,755,0,1,13,89,0,0
1531862063222,55,QAPublishFile,200,OK,QAPublishFile Endpoint Test 4-10,text,true,,763,0,1,13,55,0,0
1531862063277,64,QAPublishFile,200,OK,QAPublishFile Endpoint Test 4-10,text,true,,753,0,1,13,52,0,0
1531862063342,70,QAPublishFile,200,OK,QAPublishFile Endpoint Test 4-10,text,true,,765,0,1,13,69,0,0
1531862062089,1377,QASandboxTransformRequest,200,OK,Sandbox Transform Test 1-1,text,true,,1197,0,1,13,1377,0,0
1531862063413,65,QAPublishFile,200,OK,QAPublishFile Endpoint Test 4-10,text,true,,775,0,1,13,65,0,0
1531862063467,76,QASandboxPreview,200,OK,Sandbox Transform Test 1-1,text,true,,9818,0,1,13,71,0,0
1531862063479,72,QAPublishFile,200,OK,QAPublishFile Endpoint Test 4-10,text,true,,771,0,1,13,72,0,0
1531862063546,781,QASandboxTransformRequest,200,OK,Sandbox Transform Test 1-1,text,true,,1229,0,1,12,781,0,0
1531862064328,105,QASandboxPreview,200,OK,Sandbox Transform Test 1-1,text,true,,20889,0,1,12,87,0,0
1531862063042,1858,Preview,200,OK,QA Previewing Test 3-1,text,true,,3092,0,1,12,1858,0,0
1531862064901,266,Preview,200,OK,QA Previewing Test 3-1,text,true,,23778,0,1,12,261,0,0
1531862065170,159,Preview,200,OK,QA Previewing Test 3-1,text,true,,17018,0,1,12,149,0,0
1531862064434,967,QASandboxTransformRequest,200,OK,Sandbox Transform Test 1-1,text,true,,1207,0,1,12,967,0,0
1531862065401,90,QASandboxPreview,200,OK,Sandbox Transform Test 1-1,text,true,,17148,0,1,12,74,0,0
1531862065493,1693,QASandboxTransformRequest,200,OK,Sandbox Transform Test 1-1,text,true,,1195,0,1,12,1691,0,0
1531862065332,1868,Preview,200,OK,QA Previewing Test 3-1,text,true,,2513,0,1,12,1866,0,0
1531862067187,88,QASandboxPreview,200,OK,Sandbox Transform Test 1-1,text,true,,16588,0,1,12,78,0,0
1531862067201,503,Preview,200,OK,QA Previewing Test 3-1,text,true,,4704,0,1,12,501,0,0
1531862067705,350,Preview,200,OK,QA Previewing Test 3-1,text,true,,17343,0,1,12,335,0,0
1531862068056,365,Preview,200,OK,QA Previewing Test 3-1,text,true,,2418,0,1,12,365,0,0
1531862068422,609,Preview,404,Not Found,QA Previewing Test 3-1,text,false,,1879,0,1,12,609,0,0
1531862067276,1807,QASandboxTransformRequest,200,OK,Sandbox Transform Test 1-1,text,true,,1223,0,1,12,1807,0,0
1531862069085,70,QASandboxPreview,200,OK,Sandbox Transform Test 1-1,text,true,,1770,0,1,12,70,0,0
1531862069033,244,Preview,200,OK,QA Previewing Test 3-1,text,true,,6416,0,1,12,237,0,0
1531862069278,269,Preview,200,OK,QA Previewing Test 3-1,text,true,,5184,0,1,12,265,0,0
1531862069548,297,Preview,200,OK,QA Previewing Test 3-1,text,true,,3599,0,1,12,296,0,0
1531862069846,1075,Preview,200,OK,QA Previewing Test 3-1,text,true,,5620,0,1,12,1074,0,0
1531862069157,1889,QASandboxTransformRequest,200,OK,Sandbox Transform Test 1-1,text,true,,1193,0,1,12,1888,0,0
1531862071046,79,QASandboxPreview,200,OK,Sandbox Transform Test 1-1,text,true,,1776,0,1,12,79,0,0
1531862070922,257,Preview,200,OK,QA Previewing Test 3-1,text,true,,3289,0,1,12,257,0,0
1531862071179,245,Preview,200,OK,QA Previewing Test 3-1,text,true,,25203,0,1,12,229,0,0
1531862071426,501,Preview,200,OK,QA Previewing Test 3-1,text,true,,23184,0,1,12,495,0,0
1531862071928,377,Preview,200,OK,QA Previewing Test 3-1,text,true,,24316,0,1,12,360,0,0
1531862072307,119,Preview,200,OK,QA Previewing Test 3-1,text,true,,7762,0,1,12,118,0,0
1531862072428,150,Preview,200,OK,QA Previewing Test 3-1,text,true,,9774,0,1,12,145,0,0
1531862058540,14474,EditorialTransform,200,OK,Editors E2E Test 2-6,text,true,,949,0,10,12,14473,0,0
1531862055539,17500,EditorialTransform,200,OK,Editors E2E Test 2-3,text,true,,983,0,10,12,17500,0,0
1531862056541,16576,EditorialTransform,200,OK,Editors E2E Test 2-4,text,true,,963,0,10,12,16574,0,0
1531862054075,19120,EditorialTransform,200,OK,Editors E2E Test 2-1,text,true,,953,0,10,12,19119,0,0
1531862071126,2097,QASandboxTransformRequest,