1532535760356,147,Preview,404,Not Found,Editors E2E Test 2-8,text,false,,1956,0,10,12,147,0,0
1532535762559,138,Preview,404,Not Found,Editors E2E Test 2-8,text,false,,1892,0,10,12,138,0,0
1532535763871,207,Preview,404,Not Found,Editors E2E Test 2-6,text,false,,1891,0,10,12,207,0,0
1532535872593,916,Preview,404,Not Found,QA Previewing Test 3-3,text,false,,1898,0,3,13,916,0,0
1532535989404,88,Preview,404,Not Found,QA Previewing Test 3-5,text,false,,1854,0,5,17,88,0,0
1532535750248,300037,Preview,502,Proxy Error,QA Previewing Test 3-1,text,false,,1379,0,6,18,300037,0,0
1532536050274,34,Preview,404,Not Found,QA Previewing Test 3-6,text,false,,1858,0,6,18,34,0,0
1532535763915,300011,Preview,502,Proxy Error,Editors E2E Test 2-1,text,false,,1397,0,6,18,300011,0,0
1532535764401,300010,Preview,502,Proxy Error,Editors E2E Test 2-8,text,false,,1375,0,6,18,300010,0,0
1532536064903,62,Preview,404,Not Found,Editors E2E Test 2-3,text,false,,1880,0,6,18,62,0,0
1532535765866,300012,Preview,502,Proxy Error,Editors E2E Test 2-10,text,false,,1393,0,6,18,300012,0,0
1532535766432,300040,Preview,502,Proxy Error,Editors E2E Test 2-5,text,false,,1391,0,6,18,300040,0,0
1532535766620,300046,Preview,502,Proxy Error,Editors E2E Test 2-9,text,false,,1393,0,6,18,300046,0,0
1532536071837,97,Preview,404,Not Found,Editors E2E Test 2-8,text,false,,1897,0,3,14,97,0,0
1532535808258,300060,Preview,502,Proxy Error,QA Previewing Test 3-2,text,false,,1392,0,7,14,300060,0,0
1532536112827,288,Preview,404,Not Found,QA Previewing Test 3-2,text,false,,1856,0,7,14,287,0,0
1532535873509,300027,Preview,502,Proxy Error,QA Previewing Test 3-3,text,false,,1389,0,8,12,300027,0,0
1532536228259,116,Preview,404,Not Found,QA Previewing Test 3-9,text,false,,1895,0,9,11,116,0,0
1532535928879,300047,Preview,502,Proxy Error,QA Previewing Test 3-4,text,false,,1387,0,9,11,300047,0,0
1532536229413,727,Preview,404,Not Found,QA Previewing Test 3-4,text,false,,1876,0,9,11,727,0,0
1532536288260,128,Preview,404,Not Found,QA Previewing Test 3-10,text,false,,1961,0,10,11,128,0,0
1532535990406,300023,Preview,502,Proxy Error,QA Previewing Test 3-5,text,false,,1401,0,10,11,300023,0,0
1532536296733,55,Preview,404,Not Found,QA Previewing Test 3-5,text,false,,1860,0,10,11,55,0,0
1532536050286,300036,Preview,502,Proxy Error,QA Previewing Test 3-1,text,false,,1395,0,10,11,300036,0,0
1532536351603,46,Preview,404,Not Found,QA Previewing Test 3-1,text,false,,1886,0,10,11,46,0,0
1532536052818,300014,Preview,502,Proxy Error,QA Previewing Test 3-6,text,false,,1385,0,10,11,300014,0,0
1532536353559,64,Preview,404,Not Found,QA Previewing Test 3-6,text,false,,1888,0,10,11,64,0,0
1532536067082,300019,Preview,502,Proxy Error,Editors E2E Test 2-10,text,false,,1389,0,1,11,300018,0,0
1532536172996,300040,Preview,502,Proxy Error,QA Previewing Test 3-8,text,false,,1397,0,10,11,300040,0,0
1532536473035,1720,Preview,404,Not Found,QA Previewing Test 3-8,text,false,,1897,0,10,11,1720,0,0
1532536177846,300013,Preview,502,Proxy Error,QA Previewing Test 3-3,text,false,,1389,0,10,11,300013,0,0
1532536234688,300034,Preview,502,Proxy Error,QA Previewing Test 3-4,text,false,,1405,0,10,11,300034,0,0
1532536543318,320,Preview,404,Not Found,QA Previewing Test 3-4,text,false,,1960,0,10,11,320,0,0
1532536563449,600,Preview,404,Not Found,QA Previewing Test 3-4,text,false,,1858,0,10,11,600,0,0
1532536296789,300027,Preview,502,Proxy Error,QA Previewing Test 3-5,text,false,,1393,0,10,11,300027,0,0
1532536597540,72,Preview,404,Not Found,QA Previewing Test 3-5,text,false,,1896,0,10,11,72,0,0
1532536353813,300038,Preview,502,Proxy Error,QA Previewing Test 3-6,text,false,,1391,0,10,11,300038,0,0
1532536654544,110,Preview,404,Not Found,QA Previewing Test 3-6,text,false,,1890,0,10,11,110,0,0
1532536372708,299419,Preview,502,Proxy Error,QA Previewing Test 3-10,text,false,,1383,0,10,11,299419,0,0
1532536375584,299926,Preview,502,Proxy Error,Editors E2E Test 2-10,text,false,,1383,0,1,11,299926,0,0
1532536412282,300043,Preview,502,Proxy Error,QA Previewing Test 3-7,text,false,,1391,0,10,10,300043,0,0
1532536123188,599813,Preview,502,Proxy Error,QA Previewing Test 3-2,text,false,,1827,0,10,10,599813,0,0
1532536480230,299639,Preview,502,Proxy Error,QA Previewing Test 3-3,text,false,,1389,0,10,10,299639,0,0
1532536779868,855,Preview,404,Not Found,QA Previewing Test 3-3,text,false,,1903,0,10,10,855,0,0
1532536481616,300042,Preview,502,Proxy Error,QA Previewing Test 3-8,text,false,,1389,0,10,10,300042,0,0
1532536228516,599883,Preview,502,Proxy Error,QA Previewing Test 3-9,text,false,,1390,0,10,10,599883,0,0
1532536564049,300053,Preview,502,Proxy Error,QA Previewing Test 3-4,text,false,,1395,0,10,10,300053,0,0
1532536866641,61,Preview,404,Not Found,QA Previewing Test 3-4,text,false,,1952,0,10,10,61,0,0
1532536597812,299797,Preview,502,Proxy Error,QA Previewing Test 3-5,text,false,,1395,0,10,10,299797,0,0
1532536898719,63,Preview,404,Not Found,QA Previewing Test 3-5,text,false,,1850,0,10,10,63,0,0
1532536901009,71,Preview,404,Not Found,QA Previewing Test 3-5,text,false,,1894,0,10,10,71,0,0
1532536903889,48,Preview,404,Not Found,QA Previewing Test 3-5,text,false,,1883,0,10,10,48,0,0
1532536351873,599797,Preview,Non HTTP response code: java.net.SocketException,Non HTTP response message: Connection reset,QA Previewing Test 3-1,text,false,,2754,0,10,10,0,0,0
1532536654865,299469,Preview,502,Proxy Error,QA Previewing Test 3-6,text,false,,1393,0,10,10,299469,0,0
1532536959624,100,Preview,404,Not Found,QA Previewing Test 3-6,text,false,,1887,0,10,10,99,0,0
1532536672235,300026,Preview,502,Proxy Error,QA Previewing Test 3-10,text,false,,1391,0,10,10,300026,0,0
1532536712324,300042,Preview,502,Proxy Error,QA Previewing Test 3-7,text,false,,1393,0,10,10,300042,0,0
1532536724968,300021,Preview,502,Proxy Error,QA Previewing Test 3-2,text,false,,1387,0,10,10,300021,0,0
1532537025586,116,Preview,404,Not Found,QA Previewing Test 3-2,text,false,,1954,0,10,10,116,0,0
1532536783868,300025,Preview,502,Proxy Error,QA Previewing Test 3-3,text,false,,1379,0,10,10,300025,0,0
1532537087505,1674,Preview,404,Not Found,QA Previewing Test 3-8,text,false,,1864,0,10,10,1674,0,0
1532537091248,864,Preview,404,Not Found,QA Previewing Test 3-8,text,false,,1896,0,10,10,864,0,0
1532537093590,1059,Preview,404,Not Found,QA Previewing Test 3-8,text,false,,1874,0,10,10,1059,0,0
1532536829808,300039,Preview,502,Proxy Error,QA Previewing Test 3-9,text,false,,1395,0,10,10,300039,0,0
1532536871158,300042,Preview,502,Proxy Error,QA Previewing Test 3-4,text,false,,1390,0,10,10,300042,0,0
1532537171202,108,Preview,404,Not Found,QA Previewing Test 3-4,text,false,,1896,0,10,10,108,0,0
1532536905641,300028,Preview,502,Proxy Error,QA Previewing Test 3-5,text,false,,1387,0,10,10,300028,0,0
1532536951806,300020,Preview,502,Proxy Error,QA Previewing Test 3-1,text,false,,1393,0,10,10,300020,0,0
1532536964396,299861,Preview,502,Proxy Error,QA Previewing Test 3-6,text,false,,1383,0,10,10,299861,0,0
1532537266884,61,Preview,404,Not Found,QA Previewing Test 3-6,text,false,,1972,0,10,10,61,0,0
1532536974157,300019,Preview,502,Proxy Error,QA Previewing Test 3-10,text,false,,1401,0,10,10,300019,0,0
1532537012732,300038,Preview,502,Proxy Error,QA Previewing Test 3-7,text,false,,1387,0,10,10,300038,0,0
1532537314067,106,Preview,404,Not Found,QA Previewing Test 3-7,text,false,,1864,0,10,10,106,0,0
1532537316695,116,Preview,404,Not Found,QA Previewing Test 3-7,text,false,,1898,0,10,10,116,0,0
1532537034084,300020,Preview,502,Proxy Error,QA Previewing Test 3-2,text,false,,1383,0,10,10,300020,0,0
1532537335020,277,Preview,404,Not Found,QA Previewing Test 3-2,text,false,,1874,0,10,10,277,0,0
1532537094795,300019,Preview,502,Proxy Error,QA Previewing Test 3-8,text,false,,1401,0,10,10,300019,0,0
1532537134609,300038,Preview,502,Proxy Error,QA Previewing Test 3-9,text,false,,1391,0,10,10,300038,0,0
1532537442357,874,Preview,404,Not Found,QA Previewing Test 3-9,text,false,,1889,0,10,10,874,0,0
1532537171937,300043,Preview,502,Proxy Error,QA Previewing Test 3-4,text,false,,1365,0,10,10,300042,0,0
1532537207715,300025,Preview,502,Proxy Error,QA Previewing Test 3-5,text,false,,1383,0,10,10,300025,0,0
1532537556407,65,Preview,404,Not Found,QA Previewing Test 3-1,text,false,,1960,0,10,10,65,0,0
1532537269460,300020,Preview,502,Proxy Error,QA Previewing Test 3-6,text,false,,1377,0,10,10,300020,0,0
1532537275026,299525,Preview,502,Proxy Error,QA Previewing Test 3-10,text,false,,1393,0,10,10,299525,0,0
1532537578310,116,Preview,404,Not Found,QA Previewing Test 3-10,text,false,,1860,0,10,10,116,0,0
1532537580902,487,Preview,404,Not Found,QA Previewing Test 3-10,text,false,,1906,0,10,10,487,0,0
1532537317047,300045,Preview,502,Proxy Error,QA Previewing Test 3-7,text,false,,1389,0,10,10,300045,0,0
1532537617774,208,Preview,404,Not Found,QA Previewing Test 3-7,text,false,,1884,0,10,10,208,0,0
1532537337418,300025,Preview,502,Proxy Error,QA Previewing Test 3-2,text,false,,1389,0,10,10,300025,0,0
1532537394953,300028,Preview,502,Proxy Error,QA Previewing Test 3-8,text,false,,1399,0,10,10,300028,0,0
1532537395528,300035,Preview,502,Proxy Error,QA Previewing Test 3-3,text,false,,1379,0,10,10,300035,0,0
1532537451193,299049,Preview,502,Proxy Error,QA Previewing Test 3-9,text,false,,1391,0,10,10,299049,0,0
1532537750244,128,Preview,404,Not Found,QA Previewing Test 3-9,text,false,,1903,0,10,10,128,0,0
1532537472299,299569,Preview,502,Proxy Error,QA Previewing Test 3-4,text,false,,1387,0,10,10,299569,0,0
1532537775539,77,Preview,404,Not Found,QA Previewing Test 3-4,text,false,,1964,0,10,10,77,0,0
1532537823085,51,Preview,404,Not Found,QA Previewing Test 3-5,text,false,,1856,0,10,10,51,0,0
1532537825286,83,Preview,404,Not Found,QA Previewing Test 3-5,text,false,,1896,0,10,10,82,0,0
1532537828264,50,Preview,404,Not Found,QA Previewing Test 3-5,text,false,,1876,0,10,10,50,0,0
1532537556950,300021,Preview,502,Proxy Error,QA Previewing Test 3-1,text,false,,1387,0,10,10,300021,0,0
1532537570162,300015,Preview,502,Proxy Error,QA Previewing Test 3-6,text,false,,1386,0,10,10,300015,0,0
1532537581666,300019,Preview,502,Proxy Error,QA Previewing Test 3-10,text,false,,1395,0,10,10,300019,0,0
1532537619749,300039,Preview,502,Proxy Error,QA Previewing Test 3-7,text,false,,1385,0,10,10,300039,0,0
1532537919789,513,Preview,404,Not Found,QA Previewing Test 3-7,text,false,,1887,0,10,10,513,0,0
1532537637573,300018,Preview,502,Proxy Error,QA Previewing Test 3-2,text,false,,1385,0,10,10,300018,0,0
1532537694982,300017,Preview,502,Proxy Error,QA Previewing Test 3-8,text,false,,1379,0,10,10,300017,0,0
1532537997869,124,Preview,404,Not Found,QA Previewing Test 3-8,text,false,,1958,0,10,10,123,0,0
1532537701455,300049,Preview,502,Proxy Error,QA Previewing Test 3-3,text,false,,1393,0,10,10,300049,0,0
1532538014051,426,Preview,404,Not Found,QA Previewing Test 3-3,text,false,,1854,0,10,10,426,0,0
1532538019256,1007,Preview,404,Not Found,QA Previewing Test 3-3,text,false,,1898,0,10,10,1007,0,0
1532537756282,300040,Preview,502,Proxy Error,QA Previewing Test 3-9,text,false,,1389,0,10,10,300040,0,0
1532538058436,841,Preview,404,Not Found,QA Previewing Test 3-9,text,false,,1888,0,10,10,841,0,0
1532537778146,300043,Preview,502,Proxy Error,QA Previewing Test 3-4,text,false,,1385,0,10,10,300043,0,0
1532538078190,101,Preview,404,Not Found,QA Previewing Test 3-4,text,false,,1899,0,10,10,101,0,0
1532538020976,68462,Preview,502,Proxy Error,QA Previewing Test 3-3,text,false,,1391,0,10,10,68462,0,0
1532537939337,150102,Preview,502,Proxy Error,QA Previewing Test 3-2,text,false,,1391,0,10,10,150102,0,0
1532537872172,217268,Preview,502,Proxy Error,QA Previewing Test 3-6,text,false,,1392,0,10,10,217268,0,0
1532537925711,163729,Preview,502,Proxy Error,QA Previewing Test 3-7,text,false,,1387,0,10,10,163729,0,0
1532537857081,232358,Preview,502,Proxy Error,QA Previewing Test 3-1,text,false,,1387,0,10,10,232358,0,0
1532538081792,7647,Preview,502,Proxy Error,QA Previewing Test 3-4,text,false,,1381,0,10,10,7647,0,0
1532538065956,23484,Preview,502,Proxy Error,QA Previewing Test 3-9,text,false,,1393,0,10,10,23484,0,0
1532538080371,9069,Preview,502,Proxy Error,QA Previewing Test 3-8,text,false,,1381,0,10,10,9069,0,0
1532537830110,259330,Preview,502,Proxy Error,QA Previewing Test 3-5,text,false,,1395,0,10,10,259330,0,0
1532537882037,207407,Preview,502,Proxy Error,QA Previewing Test 3-10,text,false,,1379,0,10,10,207407,0,0
1532538093631,6325,Preview,404,Not Found,QA Previewing Test 3-8,text,false,,560,0,8,8,6325,0,0
1532538093633,6325,Preview,404,Not Found,QA Previewing Test 3-7,text,false,,546,0,8,8,6325,0,0
1532538093629,6330,Preview,404,Not Found,QA Previewing Test 3-6,text,false,,562,0,8,8,6330,0,0
1532538093611,6349,Preview,404,Not Found,QA Previewing Test 3-10,text,false,,554,0,8,8,6349,0,0
1532538093624,6339,Preview,404,Not Found,QA Previewing Test 3-3,text,false,,552,0,8,8,6339,0,0
1532538093623,6341,Preview,404,Not Found,QA Previewing Test 3-1,text,false,,554,0,8,8,6341,0,0
1532538093611,6360,Preview,404,Not Found,QA Previewing Test 3-9,text,false,,556,0,8,8,6360,0,0
1532538093615,6357,Preview,404,Not Found,QA Previewing Test 3-2,text,false,,550,0,8,8,6357,0,0
1532538099958,34,Preview,404,Not Found,QA Previewing Test 3-6,text,false,,588,0,8,8,34,0,0
1532538099956,36,Preview,404,Not Found,QA Previewing Test 3-8,text,false,,578,0,8,8,36,0,0
1532538099960,33,Preview,404,Not Found,QA Previewing Test 3-10,text,false,,582,0,8,8,33,0,0
1532538099958,35,Preview,404,Not Found,QA Previewing Test 3-7,text,false,,582,0,8,8,35,0,0
1532538099962,32,Preview,404,Not Found,QA Previewing Test 3-3,text,false,,570,0,8,8,32,0,0
1532538099963,31,Preview,404,Not Found,QA Previewing Test 3-1,text,false,,576,0,8,8,31,0,0
1532538099971,23,Preview,404,Not Found,QA Previewing Test 3-9,text,false,,580,0,8,8,23,0,0
1532538099971,24,Preview,404,Not Found,QA Previewing Test 3-2,text,false,,1013,0,8,8,24,0,0
1532538099995,32,Preview,404,Not Found,QA Previewing Test 3-1,text,false,,562,0,8,8,32,0,0
1532538099995,32,Preview,404,Not Found,QA Previewing Test 3-9,text,false,,564,0,8,8,32,0,0
1532538099994,34,Preview,404,Not Found,QA Previewing Test 3-10,text,false,,574,0,8,8,34,0,0
1532538099994,34,Preview,404,Not Found,QA Previewing Test 3-7,text,false,,578,0,8,8,34,0,0
1532538099993,35,Preview,404,Not Found,QA Previewing Test 3-8,text,false,,582,0,8,8,35,0,0
1532538099995,35,Preview,404,Not Found,QA Previewing Test 3-2,text,false,,576,0,8,8,35,0,0
1532538099993,37,Preview,404,Not Found,QA Previewing Test 3-6,text,false,,574,0,8,8,37,0,0
1532538099994,36,Preview,404,Not Found,QA Previewing Test 3-3,text,false,,578,0,8,8,36,0,0
1532538100028,40,Preview,404,Not Found,QA Previewing Test 3-10,text,false,,578,0,8,8,40,0,0
1532538100028,41,Preview,404,Not Found,QA Previewing Test 3-7,text,false,,566,0,8,8,41,0,0
1532538100028,41,Preview,404,Not Found,QA Previewing Test 3-8,text,false,,572,0,8,8,41,0,0
1532538100028,42,Preview,404,Not Found,QA Previewing Test 3-9,text,false,,588,0,8,8,42,0,0
1532538100028,42,Preview,404,Not Found,QA Previewing Test 3-1,text,false,,578,0,8,8,42,0,0
1532538100030,40,Preview,404,Not Found,QA Previewing Test 3-6,text,false,,578,0,8,8,40,0,0
1532538100030,40,Preview,404,Not Found,QA Previewing Test 3-2,text,false,,570,0,8,8,40,0,0
1532538100030,41,Preview,404,Not Found,QA Previewing Test 3-3,text,false,,586,0,8,8,41,0,0
1532538100069,20,Preview,404,Not Found,QA Previewing Test 3-10,text,false,,574,0,8,8,20,0,0
1532538100071,21,Preview,404,Not Found,QA Previewing Test 3-3,text,false,,564,0,8,8,21,0,0
1532538100070,22,Preview,404,Not Found,QA Previewing Test 3-9,text,false,,594,0,8,8,22,0,0
1532538100069,23,Preview,404,Not Found,QA Previewing Test 3-7,text,false,,574,0,8,8,23,0,0
1532538100070,23,Preview,404,Not Found,QA Previewing Test 3-1,text,false,,569,0,8,8,23,0,0
1532538100069,24,Preview,404,Not Found,QA Previewing Test 3-8,text,false,,568,0,8,8,24,0,0
1532538100071,22,Preview,404,Not Found,QA Previewing Test 3-2,text,false,,568,0,8,8,22,0,0
1532538100071,22,Preview,404,Not Found,QA Previewing Test 3-6,text,false,,576,0,8,8,22,0,0
1532538100092,13,Preview,404,Not Found,QA Previewing Test 3-3,text,false,,576,0,8,8,13,0,0
1532538100089,16,Preview,404,Not Found,QA Previewing Test 3-10,text,false,,564,0,8,8,16,0,0
1532538100092,14,Preview,404,Not Found,QA Previewing Test 3-9,text,false,,580,0,8,8,14,0,0
1532538100093,14,Preview,404,Not Found,QA Previewing Test 3-2,text,false,,570,0,8,8,14,0,0
1532538100094,15,Preview,404,Not Found,QA Previewing Test 3-6,text,false,,578,0,8,8,15,0,0
1532538100093,17,Preview,404,Not Found,QA Previewing Test 3-1,text,false,,575,0,8,8,17,0,0
1532538100092,18,Preview,404,Not Found,QA Previewing Test 3-7,text,false,,568,0,8,8,18,0,0
1532538100093,17,Preview,404,Not Found,QA Previewing Test 3-8,text,false,,574,0,8,8,17,0,0
1532538100106,15,Preview,404,Not Found,QA Previewing Test 3-3,text,false,,580,0,8,8,15,0,0
1532538100107,16,Preview,404,Not Found,QA Previewing Test 3-9,text,false,,580,0,8,8,16,0,0
1532538100109,15,Preview,404,Not Found,QA Previewing Test 3-6,text,false,,582,0,8,8,15,0,0
1532538100110,14,Preview,404,Not Found,QA Previewing Test 3-8,text,false,,568,0,8,8,14,0,0
1532538100107,17,Preview,404,Not Found,QA Previewing Test 3-2,text,false,,576,0,8,8,17,0,0
1532538100110,15,Preview,404,Not Found,QA Previewing Test 3-1,text,false,,577,0,8,8,15,0,0
1532538100106,23,Preview,404,Not Found,QA Previewing Test 3-10,text,false,,576,0,8,8,23,0,0
1532538100110,20,Preview,404,Not Found,QA Previewing Test 3-7,text,false,,572,0,8,8,20,0,0
1532538100121,14,Preview,404,Not Found,QA Previewing Test 3-3,text,false,,586,0,8,8,14,0,0
1532538100124,13,Preview,404,Not Found,QA Previewing Test 3-9,text,false,,582,0,8,8,13,0,0
1532538100124,15,Preview,404,Not Found,QA Previewing Test 3-6,text,false,,566,0,8,8,15,0,0
1532538100124,15,Preview,404,Not Found,QA Previewing Test 3-8,text,false,,584,0,8,8,15,0,0
1532538100126,14,Preview,404,Not Found,QA Previewing Test 3-1,text,false,,569,0,8,8,14,0,0
1532538100125,18,Preview,404,Not Found,QA Previewing Test 3-2,text,false,,578,0,8,8,18,0,0
1532538100129,19,Preview,404,Not Found,QA Previewing Test 3-10,text,false,,568,0,8,8,19,0,0
1532538100130,19,Preview,404,Not Found,QA Previewing Test 3-7,text,false,,570,0,8,8,19,0,0
1532538100139,12,Preview,404,Not Found,QA Previewing Test 3-8,text,false,,564,0,8,8,12,0,0
1532538100135,16,Preview,404,Not Found,QA Previewing Test 3-3,text,false,,576,0,8,8,16,0,0
1532538100137,17,Preview,404,Not Found,QA Previewing Test 3-9,text,false,,566,0,8,8,17,0,0
1532538100139,19,Preview,404,Not Found,QA Previewing Test 3-6,text,false,,572,0,8,8,19,0,0
1532538100140,22,Preview,404,Not Found,QA Previewing Test 3-1,text,false,,575,0,8,8,22,0,0
1532538100151,13,Preview,404,Not Found,QA Previewing Test 3-8,text,false,,582,0,8,8,13,0,0
1532538100144,21,Preview,404,Not Found,QA Previewing Test 3-2,text,false,,580,0,8,8,21,0,0
1532538100149,17,Preview,404,Not Found,QA Previewing Test 3-10,text,false,,560,0,8,8,17,0,0
1532538100149,20,Preview,404,Not Found,QA Previewing Test 3-7,text,false,,574,0,8,8,20,0,0
1532538100151,20,Preview,404,Not Found,QA Previewing Test 3-3,text,false,,568,0,8,8,20,0,0
1532538100154,18,Preview,404,Not Found,QA Previewing Test 3-9,text,false,,576,0,8,8,18,0,0
1532538100159,18,Preview,404,Not Found,QA Previewing Test 3-6,text,false,,574,0,8,8,18,0,0
1532538100164,13,Preview,404,Not Found,QA Previewing Test 3-8,text,false,,566,0,8,8,13,0,0
1532538100169,13,Preview,404,Not Found,QA Previewing Test 3-7,text,false,,572,0,8,8,13,0,0
1532538100162,21,Preview,404,Not Found,QA Previewing Test 3-1,text,false,,581,0,8,8,21,0,0
1532538100166,20,Preview,404,Not Found,QA Previewing Test 3-10,text,false,,570,0,8,8,20,0,0
1532538100165,22,Preview,404,Not Found,QA Previewing Test 3-2,text,false,,574,0,8,8,22,0,0
1532538100172,19,Preview,404,Not Found,QA Previewing Test 3-9,text,false,,574,0,8,8,19,0,0
1532538100177,15,Preview,404,Not Found,QA Previewing Test 3-8,text,false,,576,0,8,8,15,0,0
1532538100171,22,Preview,404,Not Found,QA Previewing Test 3-3,text,false,,572,0,8,8,22,0,0
1532538100177,17,Preview,404,Not Found,QA Previewing Test 3-6,text,false,,570,0,8,8,17,0,0
1532538100182,13,Preview,404,Not Found,QA Previewing Test 3-7,text,false,,572,0,7,7,13,0,0
1532538100184,14,Preview,404,Not Found,QA Previewing Test 3-1,text,false,,569,0,7,7,14,0,0
1532538100186,17,Preview,404,Not Found,QA Previewing Test 3-10,text,false,,578,0,7,7,17,0,0
1532538100187,16,Preview,404,Not Found,QA Previewing Test 3-2,text,false,,580,0,7,7,16,0,0
1532538100192,14,Preview,404,Not Found,QA Previewing Test 3-8,text,false,,574,0,7,7,14,0,0
1532538100191,15,Preview,404,Not Found,QA Previewing Test 3-9,text,false,,572,0,7,7,15,0,0
1532538100195,14,Preview,404,Not Found,QA Previewing Test 3-7,text,false,,574,0,7,7,14,0,0
1532538100194,18,Preview,404,Not Found,QA Previewing Test 3-6,text,false,,570,0,7,7,18,0,0
1532538100198,17,Preview,404,Not Found,QA Previewing Test 3-1,text,false,,579,0,7,7,17,0,0
1532538100203,16,Preview,404,Not Found,QA Previewing Test 3-10,text,false,,568,0,7,7,16,0,0
1532538100203,17,Preview,404,Not Found,QA Previewing Test 3-2,text,false,,572,0,7,7,17,0,0
1532538100207,14,Preview,404,Not Found,QA Previewing Test 3-9,text,false,,572,0,7,7,14,0,0
1532538100209,12,Preview,404,Not Found,QA Previewing Test 3-7,text,false,,564,0,7,7,12,0,0
1532538100207,19,Preview,404,Not Found,QA Previewing Test 3-8,text,false,,576,0,7,7,19,0,0
1532538100215,16,Preview,404,Not Found,QA Previewing Test 3-1,text,false,,575,0,7,7,16,0,0
1532538100212,20,Preview,404,Not Found,QA Previewing Test 3-6,text,false,,568,0,7,7,20,0,0
1532538100221,13,Preview,404,Not Found,QA Previewing Test 3-7,text,false,,574,0,7,7,13,0,0
1532538100219,17,Preview,404,Not Found,QA Previewing Test 3-10,text,false,,568,0,7,7,17,0,0
1532538100220,16,Preview,404,Not Found,QA Previewing Test 3-2,text,false,,578,0,7,7,16,0,0
1532538100226,16,Preview,404,Not Found,QA Previewing Test 3-8,text,false,,578,0,7,7,16,0,0
1532538100221,21,Preview,404,Not Found,QA Previewing Test 3-9,text,false,,574,0,7,7,21,0,0
1532538100234,13,Preview,404,Not Found,QA Previewing Test 3-7,text,false,,574,0,7,7,13,0,0
1532538100236,13,Preview,404,Not Found,QA Previewing Test 3-10,text,false,,580,0,7,7,13,0,0
1532538100232,17,Preview,404,Not Found,QA Previewing Test 3-6,text,false,,572,0,7,7,17,0,0
1532538100231,19,Preview,404,Not Found,QA Previewing Test 3-1,text,false,,542,0,7,7,19,0,0
1532538100236,18,Preview,404,Not Found,QA Previewing Test 3-2,text,false,,584,0,7,7,18,0,0
1532538100242,15,Preview,404,Not Found,QA Previewing Test 3-8,text,false,,568,0,7,7,15,0,0
1532538100242,17,Preview,404,Not Found,QA Previewing Test 3-9,text,false,,574,0,7,7,17,0,0
1532538100247,13,Preview,404,Not Found,QA Previewing Test 3-7,text,false,,576,0,7,7,13,0,0
1532538100249,16,Preview,404,Not Found,QA Previewing Test 3-10,text,false,,574,0,7,7,16,0,0
1532538100249,17,Preview,404,Not Found,QA Previewing Test 3-6,text,false,,582,0,7,7,17,0,0
1532538100250,21,Preview,404,Not Found,QA Previewing Test 3-1,text,false,,585,0,7,7,21,0,0
1532538100254,21,Preview,404,Not Found,QA Previewing Test 3-2,text,false,,564,0,7,7,21,0,0
1532538100265,12,Preview,404,Not Found,QA Previewing Test 3-10,text,false,,574,0,7,7,12,0,0
1532538100257,20,Preview,404,Not Found,QA Previewing Test 3-8,text,false,,580,0,7,7,20,0,0
1532538100259,19,Preview,404,Not Found,QA Previewing Test 3-9,text,false,,570,0,7,7,19,0,0
1532538100260,21,Preview,404,Not Found,QA Previewing Test 3-7,text,false,,572,0,7,7,21,0,0
1532538100266,16,Preview,404,Not Found,QA Previewing Test 3-6,text,false,,588,0,7,7,16,0,0
1532538100271,13,Preview,404,Not Found,QA Previewing Test 3-1,text,false,,566,0,7,7,13,0,0
1532538100277,12,Preview,404,Not Found,QA Previewing Test 3-10,text,false,,580,0,7,7,12,0,0
1532538100278,14,Preview,404,Not Found,QA Previewing Test 3-8,text,false,,582,0,7,7,14,0,0
1532538100275,19,Preview,404,Not Found,QA Previewing Test 3-2,text,false,,574,0,7,7,19,0,0
1532538100282,14,Preview,404,Not Found,QA Previewing Test 3-6,text,false,,576,0,7,7,14,0,0
1532538100278,18,Preview,404,Not Found,QA Previewing Test 3-9,text,false,,572,0,7,7,18,0,0
1532538100284,15,Preview,404,Not Found,QA Previewing Test 3-1,text,false,,576,0,7,7,15,0,0
1532538100281,19,Preview,404,Not Found,QA Previewing Test 3-7,text,false,,578,0,7,7,19,0,0
1532538100289,13,Preview,404,Not Found,QA Previewing Test 3-10,text,false,,576,0,7,7,13,0,0
1532538100295,12,Preview,404,Not Found,QA Previewing Test 3-2,text,false,,568,0,7,7,12,0,0
1532538100296,14,Preview,404,Not Found,QA Previewing Test 3-9,text,false,,562,0,7,7,14,0,0
1532538100292,19,Preview,404,Not Found,QA Previewing Test 3-8,text,false,,582,0,7,7,19,0,0
1532538100296,16,Preview,404,Not Found,QA Previewing Test 3-6,text,false,,562,0,7,7,16,0,0
1532538100302,13,Preview,404,Not Found,QA Previewing Test 3-10,text,false,,572,0,7,7,13,0,0
1532538100300,20,Preview,404,Not Found,QA Previewing Test 3-1,text,false,,586,0,7,7,20,0,0
1532538100308,14,Preview,404,Not Found,QA Previewing Test 3-2,text,false,,582,0,7,7,14,0,0
1532538100300,23,Preview,404,Not Found,QA Previewing Test 3-7,text,false,,578,0,7,7,23,0,0
1532538100310,14,Preview,404,Not Found,QA Previewing Test 3-9,text,false,,562,0,7,7,14,0,0
1532538100311,16,Preview,404,Not Found,QA Previewing Test 3-8,text,false,,582,0,7,7,16,0,0
1532538100315,15,Preview,404,Not Found,QA Previewing Test 3-10,text,false,,568,0,7,7,15,0,0
1532538100312,19,Preview,404,Not Found,QA Previewing Test 3-6,text,false,,578,0,7,7,19,0,0
1532538100325,13,Preview,404,Not Found,QA Previewing Test 3-9,text,false,,570,0,7,7,13,0,0
1532538100322,17,Preview,404,Not Found,QA Previewing Test 3-2,text,false,,576,0,7,7,17,0,0
1532538100327,13,Preview,404,Not Found,QA Previewing Test 3-8,text,false,,576,0,7,7,13,0,0
1532538100320,21,Preview,404,Not Found,QA Previewing Test 3-1,text,false,,568,0,7,7,21,0,0
1532538100323,19,Preview,404,Not Found,QA Previewing Test 3-7,text,false,,568,0,7,7,19,0,0
1532538100330,18,Preview,404,Not Found,QA Previewing Test 3-10,text,false,,572,0,7,7,18,0,0
1532538100331,18,Preview,404,Not Found,QA Previewing Test 3-6,text,false,,584,0,7,7,18,0,0
1532538100340,12,Preview,404,Not Found,QA Previewing Test 3-8,text,false,,572,0,7,7,12,0,0
1532538100339,15,Preview,404,Not Found,QA Previewing Test 3-2,text,false,,586,0,7,7,15,0,0
1532538100339,20,Preview,404,Not Found,QA Previewing Test 3-9,text,false,,574,0,7,7,20,0,0
1532538100341,20,Preview,404,Not Found,QA Previewing Test 3-1,text,false,,576,0,7,7,20,0,0
1532538100342,19,Preview,404,Not Found,QA Previewing Test 3-7,text,false,,578,0,7,7,19,0,0
1532538100352,13,Preview,404,Not Found,QA Previewing Test 3-8,text,false,,588,0,7,7,13,0,0
1532538100349,20,Preview,404,Not Found,QA Previewing Test 3-6,text,false,,578,0,7,7,20,0,0
1532538100349,21,Preview,404,Not Found,QA Previewing Test 3-10,text,false,,574,0,7,7,21,0,0
1532538100354,18,Preview,404,Not Found,QA Previewing Test 3-2,text,false,,568,0,7,7,18,0,0
1532538100360,19,Preview,404,Not Found,QA Previewing Test 3-9,text,false,,576,0,7,7,19,0,0
1532538100366,13,Preview,404,Not Found,QA Previewing Test 3-8,text,false,,578,0,7,7,13,0,0
1532538100361,18,Preview,404,Not Found,QA Previewing Test 3-7,text,false,,564,0,7,7,18,0,0
1532538100361,20,Preview,404,Not Found,QA Previewing Test 3-1,text,false,,582,0,7,7,20,0,0
1532538100369,13,Preview,404,Not Found,QA Previewing Test 3-6,text,false,,574,0,7,7,13,0,0
1532538100370,19,Preview,404,Not Found,QA Previewing Test 3-10,text,false,,584,0,7,7,19,0,0
1532538100372,18,Preview,404,Not Found,QA Previewing Test 3-2,text,false,,564,0,7,7,18,0,0
1532538100380,13,Preview,404,Not Found,QA Previewing Test 3-8,text,false,,570,0,7,7,13,0,0
1532538100382,14,Preview,404,Not Found,QA Previewing Test 3-6,text,false,,582,0,7,7,14,0,0
1532538100379,17,Preview,404,Not Found,QA Previewing Test 3-9,text,false,,574,0,7,7,17,0,0
1532538100381,17,Preview,404,Not Found,QA Previewing Test 3-1,text,false,,578,0,7,7,17,0,0
1532538100380,20,Preview,404,Not Found,QA Previewing Test 3-7,text,false,,576,0,7,7,20,0,0
1532538100393,17,Preview,404,Not Found,QA Previewing Test 3-8,text,false,,570,0,7,7,17,0,0
1532538100396,14,Preview,404,Not Found,QA Previewing Test 3-6,text,false,,564,0,7,7,14,0,0
1532538100390,21,Preview,404,Not Found,QA Previewing Test 3-2,text,false,,566,0,7,7,21,0,0
1532538100389,23,Preview,404,Not Found,QA Previewing Test 3-10,text,false,,570,0,7,7,23,0,0
1532538100398,14,Preview,404,Not Found,QA Previewing Test 3-1,text,false,,566,0,7,7,14,0,0
1532538100400,13,Preview,404,Not Found,QA Previewing Test 3-7,text,false,,574,0,7,7,13,0,0
1532538100396,18,Preview,404,Not Found,QA Previewing Test 3-9,text,false,,570,0,7,7,18,0,0
1532538100411,14,Preview,404,Not Found,QA Previewing Test 3-2,text,false,,574,0,7,7,14,0,0
1532538100410,17,Preview,404,Not Found,QA Previewing Test 3-6,text,false,,568,0,7,7,17,0,0
1532538100413,14,Preview,404,Not Found,QA Previewing Test 3-7,text,false,,572,0,7,7,14,0,0
1532538100412,16,Preview,404,Not Found,QA Previewing Test 3-1,text,false,,576,0,6,6,16,0,0
1532538100414,15,Preview,404,Not Found,QA Previewing Test 3-9,text,false,,572,0,6,6,15,0,0
1532538100410,19,Preview,404,Not Found,QA Previewing Test 3-8,text,false,,584,0,6,6,19,0,0
1532538100412,23,Preview,404,Not Found,QA Previewing Test 3-10,text,false,,570,0,6,6,23,0,0
1532538100428,13,Preview,404,Not Found,QA Previewing Test 3-7,text,false,,572,0,6,6,13,0,0
1532538100425,16,Preview,404,Not Found,QA Previewing Test 3-2,text,false,,582,0,6,6,16,0,0
1532538100428,17,Preview,404,Not Found,QA Previewing Test 3-1,text,false,,582,0,6,6,17,0,0
1532538100429,16,Preview,404,Not Found,QA Previewing Test 3-9,text,false,,574,0,6,6,16,0,0
1532538100429,19,Preview,404,Not Found,QA Previewing Test 3-8,text,false,,574,0,6,6,19,0,0
1532538100435,19,Preview,404,Not Found,QA Previewing Test 3-10,text,false,,568,0,6,6,19,0,0
1532538100441,15,Preview,404,Not Found,QA Previewing Test 3-7,text,false,,586,0,6,6,15,0,0
1532538100441,17,Preview,404,Not Found,QA Previewing Test 3-2,text,false,,572,0,6,6,17,0,0
1532538100445,15,Preview,404,Not Found,QA Previewing Test 3-9,text,false,,568,0,6,6,15,0,0
1532538100445,19,Preview,404,Not Found,QA Previewing Test 3-1,text,false,,590,0,6,6,19,0,0
1532538100448,19,Preview,404,Not Found,QA Previewing Test 3-8,text,false,,572,0,6,6,19,0,0
1532538100455,12,Preview,404,Not Found,QA Previewing Test 3-10,text,false,,574,0,6,6,12,0,0
1532538100457,14,Preview,404,Not Found,QA Previewing Test 3-7,text,false,,572,0,6,6,14,0,0
1532538100458,16,Preview,404,Not Found,QA Previewing Test 3-2,text,false,,572,0,6,6,16,0,0
1532538100460,16,Preview,404,Not Found,QA Previewing Test 3-9,text,false,,576,0,6,6,16,0,0
1532538100467,16,Preview,404,Not Found,QA Previewing Test 3-10,text,false,,578,0,6,6,16,0,0
1532538100467,17,Preview,404,Not Found,QA Previewing Test 3-8,text,false,,572,0,6,6,17,0,0
1532538100471,14,Preview,404,Not Found,QA Previewing Test 3-7,text,false,,576,0,6,6,14,0,0
1532538100464,22,Preview,404,Not Found,QA Previewing Test 3-1,text,false,,572,0,6,6,22,0,0
1532538100476,17,Preview,404,Not Found,QA Previewing Test 3-9,text,false,,582,0,6,6,17,0,0
1532538100474,22,Preview,404,Not Found,QA Previewing Test 3-2,text,false,,578,0,6,6,22,0,0
1532538100483,13,Preview,404,Not Found,QA Previewing Test 3-10,text,false,,578,0,6,6,13,0,0
1532538100486,13,Preview,404,Not Found,QA Previewing Test 3-7,text,false,,570,0,6,6,13,0,0
1532538100485,21,Preview,404,Not Found,QA Previewing Test 3-8,text,false,,574,0,6,6,21,0,0
1532538100487,22,Preview,404,Not Found,QA Previewing Test 3-1,text,false,,570,0,6,6,22,0,0
1532538100497,14,Preview,404,Not Found,QA Previewing Test 3-10,text,false,,578,0,6,6,14,0,0
1532538100500,12,Preview,404,Not Found,QA Previewing Test 3-7,text,false,,568,0,6,6,12,0,0
1532538100493,21,Preview,404,Not Found,QA Previewing Test 3-9,text,false,,564,0,6,6,21,0,0
1532538100496,20,Preview,404,Not Found,QA Previewing Test 3-2,text,false,,574,0,6,6,20,0,0
1532538100511,13,Preview,404,Not Found,QA Previewing Test 3-10,text,false,,566,0,6,6,13,0,0
1532538100507,17,Preview,404,Not Found,QA Previewing Test 3-8,text,false,,568,0,6,6,17,0,0
1532538100509,20,Preview,404,Not Found,QA Previewing Test 3-1,text,false,,572,0,6,6,20,0,0
1532538100513,18,Preview,404,Not Found,QA Previewing Test 3-7,text,false,,568,0,6,6,18,0,0
1532538100514,21,Preview,404,Not Found,QA Previewing Test 3-9,text,false,,574,0,6,6,21,0,0
1532538100516,20,Preview,404,Not Found,QA Previewing Test 3-2,text,false,,576,0,6,6,20,0,0
1532538100524,13,Preview,404,Not Found,QA Previewing Test 3-10,text,false,,570,0,6,6,13,0,0
1532538100525,18,Preview,404,Not Found,QA Previewing Test 3-8,text,false,,572,0,6,6,18,0,0
1532538100530,19,Preview,404,Not Found,QA Previewing Test 3-1,text,false,,576,0,6,6,19,0,0
1532538100537,14,Preview,404,Not Found,QA Previewing Test 3-10,text,false,,572,0,6,6,14,0,0
1532538100532,21,Preview,404,Not Found,QA Previewing Test 3-7,text,false,,570,0,6,6,21,0,0
1532538100543,12,Preview,404,Not Found,QA Previewing Test 3-8,text,false,,572,0,6,6,12,0,0
1532538100535,20,Preview,404,Not Found,QA Previewing Test 3-9,text,false,,576,0,6,6,19,0,0
1532538100536,22,Preview,404,Not Found,QA Previewing Test 3-2,text,false,,564,0,6,6,22,0,0
1532538100555,14,Preview,404,Not Found,QA Previewing Test 3-9,text,false,,568,0,6,6,14,0,0
1532538100555,14,Preview,404,Not Found,QA Previewing Test 3-8,text,false,,574,0,6,6,14,0,0
1532538100549,23,Preview,404,Not Found,QA Previewing Test 3-1,text,false,,576,0,6,6,23,0,0
1532538100553,21,Preview,404,Not Found,QA Previewing Test 3-7,text,false,,576,0,6,6,21,0,0
1532538100551,23,Preview,404,Not Found,QA Previewing Test 3-10,text,false,,574,0,6,6,23,0,0
1532538100558,17,Preview,404,Not Found,QA Previewing Test 3-2,text,false,,570,0,6,6,17,0,0
1532538100569,14,Preview,404,Not Found,QA Previewing Test 3-8,text,false,,578,0,6,6,14,0,0
1532538100569,15,Preview,404,Not Found,QA Previewing Test 3-9,text,false,,580,0,6,6,15,0,0
1532538100575,14,Preview,404,Not Found,QA Previewing Test 3-2,text,false,,568,0,6,6,14,0,0
1532538100572,20,Preview,404,Not Found,QA Previewing Test 3-1,text,false,,586,0,6,6,20,0,0
1532538100574,22,Preview,404,Not Found,QA Previewing Test 3-10,text,false,,576,0,6,6,22,0,0
1532538100583,13,Preview,404,Not Found,QA Previewing Test 3-8,text,false,,564,0,6,6,13,0,0
1532538100574,22,Preview,404,Not Found,QA Previewing Test 3-7,text,false,,588,0,6,6,22,0,0
1532538100584,14,Preview,404,Not Found,QA Previewing Test 3-9,text,false,,572,0,6,6,14,0,0
1532538100589,18,Preview,404,Not Found,QA Previewing Test 3-2,text,false,,564,0,6,6,18,0,0
1532538100596,14,Preview,404,Not Found,QA Previewing Test 3-8,text,false,,578,0,6,6,14,0,0
1532538100592,18,Preview,404,Not Found,QA Previewing Test 3-1,text,false,,574,0,6,6,18,0,0
1532538100598,16,Preview,404,Not Found,QA Previewing Test 3-9,text,false,,572,0,6,6,16,0,0
1532538100596,19,Preview,404,Not Found,QA Previewing Test 3-10,text,false,,576,0,6,6,19,0,0
1532538100597,22,Preview,404,Not Found,QA Previewing Test 3-7,text,false,,580,0,6,6,22,0,0
1532538100610,17,Preview,404,Not Found,QA Previewing Test 3-8,text,false,,574,0,6,6,17,0,0
1532538100610,18,Preview,404,Not Found,QA Previewing Test 3-1,text,false,,570,0,6,6,18,0,0
1532538100607,27,Preview,404,Not Found,QA Previewing Test 3-2,text,false,,568,0,6,6,27,0,0
1532538100614,21,Preview,404,Not Found,QA Previewing Test 3-9,text,false,,576,0,6,6,21,0,0
1532538100615,21,Preview,404,Not Found,QA Previewing Test 3-10,text,false,,592,0,6,6,21,0,0
1532538100619,19,Preview,404,Not Found,QA Previewing Test 3-7,text,false,,570,0,6,6,19,0,0
1532538100627,16,Preview,404,Not Found,QA Previewing Test 3-8,text,false,,570,0,6,6,16,0,0
1532538100628,15,Preview,404,Not Found,QA Previewing Test 3-1,text,false,,578,0,6,6,15,0,0
1532538100635,20,Preview,404,Not Found,QA Previewing Test 3-9,text,false,,570,0,6,6,20,0,0
1532538100636,19,Preview,404,Not Found,QA Previewing Test 3-10,text,false,,586,0,6,6,19,0,0
1532538100634,22,Preview,404,Not Found,QA Previewing Test 3-2,text,false,,582,0,6,6,22,0,0
1532538100638,19,Preview,404,Not Found,QA Previewing Test 3-7,text,false,,572,0,6,6,19,0,0
1532538100643,15,Preview,404,Not Found,QA Previewing Test 3-1,text,false,,576,0,6,6,15,0,0
1532538100643,15,Preview,404,Not Found,QA Previewing Test 3-8,text,false,,566,0,6,6,15,0,0
1532538100657,17,Preview,404,Not Found,QA Previewing Test 3-7,text,false,,562,0,6,6,17,0,0
1532538100656,19,Preview,404,Not Found,QA Previewing Test 3-10,text,false,,574,0,6,6,19,0,0
1532538100655,20,Preview,404,Not Found,QA Previewing Test 3-9,text,false,,574,0,6,6,20,0,0
1532538100657,20,Preview,404,Not Found,QA Previewing Test 3-2,text,false,,580,0,6,6,20,0,0
1532538100658,19,Preview,404,Not Found,QA Previewing Test 3-1,text,false,,572,0,6,6,19,0,0
1532538100659,19,Preview,404,Not Found,QA Previewing Test 3-8,text,false,,576,0,6,6,19,0,0
1532538100675,14,Preview,404,Not Found,QA Previewing Test 3-7,text,false,,572,0,6,6,14,0,0
1532538100678,15,Preview,404,Not Found,QA Previewing Test 3-1,text,false,,560,0,6,6,15,0,0
1532538100676,17,Preview,404,Not Found,QA Previewing Test 3-9,text,false,,580,0,6,6,17,0,0
1532538100677,19,Preview,404,Not Found,QA Previewing Test 3-10,text,false,,570,0,6,6,19,0,0
1532538100678,19,Preview,404,Not Found,QA Previewing Test 3-8,text,false,,578,0,6,6,19,0,0
1532538100677,22,Preview,404,Not Found,QA Previewing Test 3-2,text,false,,568,0,5,5,22,0,0
1532538100689,16,Preview,404,Not Found,QA Previewing Test 3-7,text,false,,580,0,5,5,16,0,0
1532538100694,16,Preview,404,Not Found,QA Previewing Test 3-9,text,false,,570,0,5,5,16,0,0
1532538100699,15,Preview,404,Not Found,QA Previewing Test 3-2,text,false,,578,0,5,5,15,0,0
1532538100693,21,Preview,404,Not Found,QA Previewing Test 3-1,text,false,,576,0,5,5,21,0,0
1532538100696,19,Preview,404,Not Found,QA Previewing Test 3-10,text,false,,570,0,5,5,19,0,0
1532538100705,12,Preview,404,Not Found,QA Previewing Test 3-7,text,false,,580,0,5,5,12,0,0
1532538100710,17,Preview,404,Not Found,QA Previewing Test 3-9,text,false,,576,0,5,5,17,0,0
1532538100716,13,Preview,404,Not Found,QA Previewing Test 3-10,text,false,,582,0,5,5,13,0,0
1532538100714,17,Preview,404,Not Found,QA Previewing Test 3-2,text,false,,574,0,5,5,17,0,0
1532538100717,14,Preview,404,Not Found,QA Previewing Test 3-7,text,false,,578,0,5,5,14,0,0
1532538100714,22,Preview,404,Not Found,QA Previewing Test 3-1,text,false,,588,0,4,4,22,0,0
1532538100728,16,Preview,404,Not Found,QA Previewing Test 3-9,text,false,,566,0,4,4,16,0,0
1532538100729,15,Preview,404,Not Found,QA Previewing Test 3-10,text,false,,582,0,4,4,15,0,0
1532538100731,17,Preview,404,Not Found,QA Previewing Test 3-2,text,false,,574,0,4,4,17,0,0
1532538100737,20,Preview,404,Not Found,QA Previewing Test 3-1,text,false,,578,0,3,3,20,0,0
1532538100744,14,Preview,404,Not Found,QA Previewing Test 3-10,text,false,,578,0,3,3,14,0,0
1532538100744,18,Preview,404,Not Found,QA Previewing Test 3-9,text,false,,564,0,3,3,18,0,0
1532538100758,14,Preview,404,Not Found,QA Previewing Test 3-10,text,false,,566,0,3,3,14,0,0
1532538100762,17,Preview,404,Not Found,QA Previewing Test 3-9,text,false,,584,0,3,3,17,0,0
1532538100758,21,Preview,404,Not Found,QA Previewing Test 3-1,text,false,,570,0,3,3,21,0,0
1532538100772,12,Preview,404,Not Found,QA Previewing Test 3-10,text,false,,576,0,3,3,12,0,0
1532538100784,16,Preview,404,Not Found,QA Previewing Test 3-10,text,false,,576,0,3,3,16,0,0
1532538100780,22,Preview,404,Not Found,QA Previewing Test 3-1,text,false,,576,0,3,3,22,0,0
1532538100779,23,Preview,404,Not Found,QA Previewing Test 3-9,text,false,,566,0,3,3,23,0,0
1532538100801,14,Preview,404,Not Found,QA Previewing Test 3-10,text,false,,572,0,3,3,14,0,0
1532538100803,18,Preview,404,Not Found,QA Previewing Test 3-9,text,false,,574,0,3,3,18,0,0
1532538100803,21,Preview,404,Not Found,QA Previewing Test 3-1,text,false,,574,0,2,2,21,0,0
1532538100815,20,Preview,404,Not Found,QA Previewing Test 3-10,text,false,,576,0,2,2,20,0,0
1532538100824,23,Preview,404,Not Found,QA Previewing Test 3-1,text,false,,572,0,1,1,23,0,0
1532538100847,20,Preview,404,Not Found,QA Previewing Test 3-1,text,false,,578,0,1,1,20,0,0
1532538100867,18,Preview,404,Not Found,QA Previewing Test 3-1,text,false,,588,0,1,1,18,0,0
1532538100885,16,Preview,404,Not Found,QA Previewing Test 3-1,text,false,,580,0,1,1,16,0,0
1532538100902,15,Preview,404,Not Found,QA Previewing Test 3-1,text,false,,564,0,1,1,15,0,0
1532538100917,15,Preview,404,Not Found,QA Previewing Test 3-1,text,false,,580,0,1,1,15,0,0
1532538100933,16,Preview,404,Not Found,QA Previewing Test 3-1,text,false,,578,0,1,1,16,0,0
1532538100949,19,Preview,404,Not Found,QA Previewing Test 3-1,text,false,,572,0,1,1,19,0,0
1532538100969,17,Preview,404,Not Found,QA Previewing Test 3-1,text,false,,570,0,1,1,17,0,0
1532538100987,21,Preview,404,Not Found,QA Previewing Test 3-1,text,false,,572,0,1,1,21,0,0
1532538101009,22,Preview,404,Not Found,QA Previewing Test 3-1,text,false,,568,0,1,1,22,0,0
1532538101032,23,Preview,404,Not Found,QA Previewing Test 3-1,text,false,,570,0,1,1,23,0,0
1532538101056,21,Preview,404,Not Found,QA Previewing Test 3-1,text,false,,574,0,1,1,21,0,0
1532538101078,21,Preview,404,Not Found,QA Previewing Test 3-1,text,false,,564,0,1,1,21,0,0
1532538101099,14,Preview,404,Not Found,QA Previewing Test 3-1,text,false,,574,0,1,1,14,0,0
1532538101114,23,Preview,404,Not Found,QA Previewing Test 3-1,text,false,,574,0,1,1,23,0,0
1532538101138,17,Preview,404,Not Found,QA Previewing Test 3-1,text,false,,572,0,1,1,17,0,0
1532538101156,27,Preview,404,Not Found,QA Previewing Test 3-1,text,false,,574,0,1,1,27,0,0
1532538101183,14,Preview,404,Not Found,QA Previewing Test 3-1,text,false,,576,0,1,1,14,0,0
1532538101198,15,Preview,404,Not Found,QA Previewing Test 3-1,text,false,,576,0,1,1,15,0,0
1532538101213,21,Preview,404,Not Found,QA Previewing Test 3-1,text,false,,576,0,1,1,21,0,0
1532538101235,20,Preview,404,Not Found,QA Previewing Test 3-1,text,false,,574,0,1,1,20,0,0
1532538101255,20,Preview,404,Not Found,QA Previewing Test 3-1,text,false,,576,0,1,1,20,0,0
1532538101275,22,Preview,404,Not Found,QA Previewing Test 3-1,text,false,,580,0,1,1,22,0,0
1532538101298,22,Preview,404,Not Found,QA Previewing Test 3-1,text,false,,582,0,1,1,22,0,0
1532538101321,20,Preview,404,Not Found,QA Previewing Test 3-1,text,false,,574,0,1,1,20,0,0
